"id","country_id:id","name","code","postal_code"
"state_co_201","base.co","MEDELLÍN / Antioquia","05001","050032"
"state_co_202","base.co","ABEJORRAL / Antioquia","05002","055030"
"state_co_203","base.co","ABRIAQUÍ / Antioquia","05004","057467"
"state_co_204","base.co","ALEJANDRÍA / Antioquia","05021","053820"
"state_co_205","base.co","AMAGÁ / Antioquia","05030","055840"
"state_co_206","base.co","AMALFI / Antioquia","05031","052848"
"state_co_207","base.co","ANDES / Antioquia","05034","056067"
"state_co_208","base.co","ANGELÓPOLIS / Antioquia","05036","055837"
"state_co_209","base.co","ANGOSTURA / Antioquia","05038","051818"
"state_co_210","base.co","ANORÍ / Antioquia","05040","052850"
"state_co_211","base.co","SANTAFÉ DE ANTIOQUIA / Antioquia","05042","057050"
"state_co_212","base.co","ANZA / Antioquia","05044","056850"
"state_co_213","base.co","APARTADÓ / Antioquia","05045","057840"
"state_co_214","base.co","ARBOLETES / Antioquia","05051","057829"
"state_co_215","base.co","ARGELIA / Antioquia","05055","054838"
"state_co_216","base.co","ARMENIA / Antioquia","05059","055867"
"state_co_217","base.co","BARBOSA / Antioquia","05079","051020"
"state_co_218","base.co","BELMIRA / Antioquia","05086","051427"
"state_co_219","base.co","BELLO / Antioquia","05088","051054"
"state_co_220","base.co","BETANIA / Antioquia","05091","056077"
"state_co_221","base.co","BETULIA / Antioquia","05093","056860"
"state_co_222","base.co","CIUDAD BOLÍVAR / Antioquia","05101","056467"
"state_co_223","base.co","BRICEÑO / Antioquia","05107","052060"
"state_co_224","base.co","BURITICÁ / Antioquia","05113","057030"
"state_co_225","base.co","CÁCERES / Antioquia","05120","052458"
"state_co_226","base.co","CAICEDO / Antioquia","05125","056847"
"state_co_227","base.co","CALDAS / Antioquia","05129","055440"
"state_co_228","base.co","CAMPAMENTO / Antioquia","05134","052020"
"state_co_229","base.co","CAÑASGORDAS / Antioquia","05138","057067"
"state_co_230","base.co","CARACOLÍ / Antioquia","05142","053457"
"state_co_231","base.co","CARAMANTA / Antioquia","05145","056040"
"state_co_232","base.co","CAREPA / Antioquia","05147","057857"
"state_co_233","base.co","EL CARMEN DE VIBORAL / Antioquia","05148","054038"
"state_co_234","base.co","CAROLINA / Antioquia","05150","051847"
"state_co_235","base.co","CAUCASIA / Antioquia","05154","052418"
"state_co_236","base.co","CHIGORODÓ / Antioquia","05172","057418"
"state_co_237","base.co","CISNEROS / Antioquia","05190","053050"
"state_co_238","base.co","COCORNÁ / Antioquia","05197","054448"
"state_co_239","base.co","CONCEPCIÓN / Antioquia","05206","053810"
"state_co_240","base.co","CONCORDIA / Antioquia","05209","056417"
"state_co_241","base.co","COPACABANA / Antioquia","05212","051048"
"state_co_242","base.co","DABEIBA / Antioquia","05234","057438"
"state_co_243","base.co","DON MATÍAS / Antioquia","05237","051857"
"state_co_244","base.co","EBÉJICO / Antioquia","05240","055817"
"state_co_245","base.co","EL BAGRE / Antioquia","05250","052438"
"state_co_246","base.co","ENTRERRIOS / Antioquia","05264","051437"
"state_co_247","base.co","ENVIGADO / Antioquia","05266","055420"
"state_co_248","base.co","FREDONIA / Antioquia","05282","055070"
"state_co_249","base.co","FRONTINO / Antioquia","05284","057457"
"state_co_250","base.co","GIRALDO / Antioquia","05306","057040"
"state_co_251","base.co","GIRARDOTA / Antioquia","05308","051037"
"state_co_252","base.co","GÓMEZ PLATA / Antioquia","05310","051837"
"state_co_253","base.co","GRANADA / Antioquia","05313","054410"
"state_co_254","base.co","GUADALUPE / Antioquia","05315","051820"
"state_co_255","base.co","GUARNE / Antioquia","05318","054057"
"state_co_256","base.co","GUATAPE / Antioquia","05321","053847"
"state_co_257","base.co","HELICONIA / Antioquia","05347","055827"
"state_co_258","base.co","HISPANIA / Antioquia","05353","056457"
"state_co_259","base.co","ITAGUI / Antioquia","05360","055411"
"state_co_260","base.co","ITUANGO / Antioquia","05361","052079"
"state_co_261","base.co","JARDÍN / Antioquia","05364","056057"
"state_co_262","base.co","JERICÓ / Antioquia","05368","056017"
"state_co_263","base.co","LA CEJA / Antioquia","05376","055018"
"state_co_264","base.co","LA ESTRELLA / Antioquia","05380","055460"
"state_co_265","base.co","LA PINTADA / Antioquia","05390","055068"
"state_co_266","base.co","LA UNIÓN / Antioquia","05400","055020"
"state_co_267","base.co","LIBORINA / Antioquia","05411","051460"
"state_co_268","base.co","MACEO / Antioquia","05425","053467"
"state_co_269","base.co","MARINILLA / Antioquia","05440","054020"
"state_co_270","base.co","MONTEBELLO / Antioquia","05467","055048"
"state_co_271","base.co","MURINDÓ / Antioquia","05475","056818"
"state_co_272","base.co","MUTATÁ / Antioquia","05480","057420"
"state_co_273","base.co","NARIÑO / Antioquia","05483","054848"
"state_co_274","base.co","NECOCLÍ / Antioquia","05490","057878"
"state_co_275","base.co","NECHÍ / Antioquia","05495","052428"
"state_co_276","base.co","OLAYA / Antioquia","05501","051450"
"state_co_277","base.co","PEÑOL / Antioquia","05541","053857"
"state_co_278","base.co","PEQUE / Antioquia","05543","057017"
"state_co_279","base.co","PUEBLORRICO / Antioquia","05576","056447"
"state_co_280","base.co","PUERTO BERRÍO / Antioquia","05579","053420"
"state_co_281","base.co","PUERTO NARE / Antioquia","05585","053430"
"state_co_282","base.co","PUERTO TRIUNFO / Antioquia","05591","053447"
"state_co_283","base.co","REMEDIOS / Antioquia","05604","052820"
"state_co_284","base.co","RETIRO / Antioquia","05607","055430"
"state_co_285","base.co","RIONEGRO / Antioquia","05615","054048"
"state_co_286","base.co","SABANALARGA / Antioquia","05628","057028"
"state_co_287","base.co","SABANETA / Antioquia","05631","055450"
"state_co_288","base.co","SALGAR / Antioquia","05642","056470"
"state_co_289","base.co","SAN ANDRÉS / Antioquia","05647","052047"
"state_co_290","base.co","SAN CARLOS / Antioquia","05649","054428"
"state_co_291","base.co","SAN FRANCISCO / Antioquia","05652","054817"
"state_co_292","base.co","SAN JERÓNIMO / Antioquia","05656","051070"
"state_co_293","base.co","SAN JOSÉ DE LA MONTAÑA / Antioquia","05658","051417"
"state_co_294","base.co","SAN JUAN DE URABÁ / Antioquia","05659","057817"
"state_co_295","base.co","SAN LUIS / Antioquia","05660","054438"
"state_co_296","base.co","SAN PEDRO / Antioquia","05664","051010"
"state_co_297","base.co","SAN PEDRO DE URABA / Antioquia","05665","057837"
"state_co_298","base.co","SAN RAFAEL / Antioquia","05667","053838"
"state_co_299","base.co","SAN ROQUE / Antioquia","05670","053037"
"state_co_300","base.co","SAN VICENTE / Antioquia","05674","054018"
"state_co_301","base.co","SANTA BÁRBARA / Antioquia","05679","055057"
"state_co_302","base.co","SANTA ROSA DE OSOS / Antioquia","05686","051860"
"state_co_303","base.co","SANTO DOMINGO / Antioquia","05690","053048"
"state_co_304","base.co","EL SANTUARIO / Antioquia","05697","054450"
"state_co_305","base.co","SEGOVIA / Antioquia","05736","052810"
"state_co_306","base.co","SONSON / Antioquia","05756","054828"
"state_co_307","base.co","SOPETRÁN / Antioquia","05761","051448"
"state_co_308","base.co","TÁMESIS / Antioquia","05789","056027"
"state_co_309","base.co","TARAZÁ / Antioquia","05790","052468"
"state_co_310","base.co","TARSO / Antioquia","05792","056438"
"state_co_311","base.co","TITIRIBÍ / Antioquia","05809","055858"
"state_co_312","base.co","TOLEDO / Antioquia","05819","052050"
"state_co_313","base.co","TURBO / Antioquia","05837","057868"
"state_co_314","base.co","URAMITA / Antioquia","05842","057440"
"state_co_315","base.co","URRAO / Antioquia","05847","056838"
"state_co_316","base.co","VALDIVIA / Antioquia","05854","052018"
"state_co_317","base.co","VALPARAÍSO / Antioquia","05856","056037"
"state_co_318","base.co","VEGACHÍ / Antioquia","05858","052837"
"state_co_319","base.co","VENECIA / Antioquia","05861","056427"
"state_co_320","base.co","VIGÍA DEL FUERTE / Antioquia","05873","056820"
"state_co_321","base.co","YALÍ / Antioquia","05885","053010"
"state_co_322","base.co","YARUMAL / Antioquia","05887","052030"
"state_co_323","base.co","YOLOMBÓ / Antioquia","05890","053020"
"state_co_324","base.co","YONDÓ / Antioquia","05893","053410"
"state_co_325","base.co","ZARAGOZA / Antioquia","05895","052448"
"state_co_326","base.co","BARRANQUILLA / Atlántico","08001","080006"
"state_co_327","base.co","BARANOA / Atlántico","08078","082020"
"state_co_328","base.co","CAMPO DE LA CRUZ / Atlántico","08137","084047"
"state_co_329","base.co","CANDELARIA / Atlántico","08141","084027"
"state_co_330","base.co","GALAPA / Atlántico","08296","082001"
"state_co_331","base.co","JUAN DE ACOSTA / Atlántico","08372","081047"
"state_co_332","base.co","LURUACO / Atlántico","08421","085067"
"state_co_333","base.co","MALAMBO / Atlántico","08433","083027"
"state_co_334","base.co","MANATÍ / Atlántico","08436","085020"
"state_co_335","base.co","PALMAR DE VARELA / Atlántico","08520","083080"
"state_co_336","base.co","PIOJÓ / Atlántico","08549","081067"
"state_co_337","base.co","POLONUEVO / Atlántico","08558","082040"
"state_co_338","base.co","PONEDERA / Atlántico","08560","084001"
"state_co_339","base.co","PUERTO COLOMBIA / Atlántico","08573","081007"
"state_co_340","base.co","REPELÓN / Atlántico","08606","085040"
"state_co_341","base.co","SABANAGRANDE / Atlántico","08634","083040"
"state_co_342","base.co","SABANALARGA / Atlántico","08638","085001"
"state_co_343","base.co","SANTA LUCÍA / Atlántico","08675","084087"
"state_co_344","base.co","SANTO TOMÁS / Atlántico","08685","083060"
"state_co_345","base.co","SOLEDAD / Atlántico","08758","083005"
"state_co_346","base.co","SUAN / Atlántico","08770","084067"
"state_co_347","base.co","TUBARÁ / Atlántico","08832","081028"
"state_co_348","base.co","USIACURÍ / Atlántico","08849","082067"
"state_co_349","base.co","BOGOTÁ / Bogotá D.C","11001","111321"
"state_co_350","base.co","CARTAGENA / Bolívar","13001","130015"
"state_co_351","base.co","ACHÍ / Bolívar","13006","134027"
"state_co_352","base.co","ALTOS DEL ROSARIO / Bolívar","13030","133508"
"state_co_353","base.co","ARENAL / Bolívar","13042","134527"
"state_co_354","base.co","ARJONA / Bolívar","13052","131028"
"state_co_355","base.co","ARROYOHONDO / Bolívar","13062","131567"
"state_co_356","base.co","BARRANCO DE LOBA / Bolívar","13074","133518"
"state_co_357","base.co","CALAMAR / Bolívar","13140","131547"
"state_co_358","base.co","CANTAGALLO / Bolívar","13160","135060"
"state_co_359","base.co","CICUCO / Bolívar","13188","132557"
"state_co_360","base.co","CÓRDOBA / Bolívar","13212","132501"
"state_co_361","base.co","CLEMENCIA / Bolívar","13222","130510"
"state_co_362","base.co","EL CARMEN DE BOLÍVAR / Bolívar","13244","132057"
"state_co_363","base.co","EL GUAMO / Bolívar","13248","132001"
"state_co_364","base.co","EL PEÑÓN / Bolívar","13268","133550"
"state_co_365","base.co","HATILLO DE LOBA / Bolívar","13300","133040"
"state_co_366","base.co","MAGANGUÉ / Bolívar","13430","132527"
"state_co_367","base.co","MAHATES / Bolívar","13433","131040"
"state_co_368","base.co","MARGARITA / Bolívar","13440","133028"
"state_co_369","base.co","MARÍA LA BAJA / Bolívar","13442","131077"
"state_co_370","base.co","MONTECRISTO / Bolívar","13458","134077"
"state_co_371","base.co","MOMPÓS / Bolívar","13468","132567"
"state_co_372","base.co","MORALES / Bolívar","13473","134548"
"state_co_373","base.co","PINILLOS / Bolívar","13549","134008"
"state_co_374","base.co","REGIDOR / Bolívar","13580","133567"
"state_co_375","base.co","RÍO VIEJO / Bolívar","13600","134501"
"state_co_376","base.co","SAN CRISTÓBAL / Bolívar","13620","131520"
"state_co_377","base.co","SAN ESTANISLAO / Bolívar","13647","130547"
"state_co_378","base.co","SAN FERNANDO / Bolívar","13650","133007"
"state_co_379","base.co","SAN JACINTO / Bolívar","13654","132030"
"state_co_380","base.co","SAN JACINTO DEL CAUCA / Bolívar","13655","134068"
"state_co_381","base.co","SAN JUAN NEPOMUCENO / Bolívar","13657","132018"
"state_co_382","base.co","SAN MARTÍN DE LOBA / Bolívar","13667","133537"
"state_co_383","base.co","SAN PABLO / Bolívar","13670","135048"
"state_co_384","base.co","SANTA CATALINA / Bolívar","13673","130501"
"state_co_385","base.co","SANTA ROSA / Bolívar","13683","130528"
"state_co_386","base.co","SANTA ROSA DEL SUR / Bolívar","13688","135008"
"state_co_387","base.co","SIMITÍ / Bolívar","13744","135027"
"state_co_388","base.co","SOPLAVIENTO / Bolívar","13760","131507"
"state_co_389","base.co","TALAIGUA NUEVO / Bolívar","13780","132547"
"state_co_390","base.co","TIQUISIO / Bolívar","13810","134040"
"state_co_391","base.co","TURBACO / Bolívar","13836","131007"
"state_co_392","base.co","TURBANÁ / Bolívar","13838","131017"
"state_co_393","base.co","VILLANUEVA / Bolívar","13873","130530"
"state_co_394","base.co","ZAMBRANO / Bolívar","13894","132047"
"state_co_395","base.co","TUNJA / Boyacá","15001","150008"
"state_co_396","base.co","ALMEIDA / Boyacá","15022","153020"
"state_co_397","base.co","AQUITANIA / Boyacá","15047","152429"
"state_co_398","base.co","ARCABUCO / Boyacá","15051","154201"
"state_co_399","base.co","BELÉN / Boyacá","15087","150640"
"state_co_400","base.co","BERBEO / Boyacá","15090","152617"
"state_co_401","base.co","BETÉITIVA / Boyacá","15092","150617"
"state_co_402","base.co","BOAVITA / Boyacá","15097","151067"
"state_co_403","base.co","BOYACÁ / Boyacá","15104","153617"
"state_co_404","base.co","BRICEÑO / Boyacá","15106","154677"
"state_co_405","base.co","BUENAVISTA / Boyacá","15109","154847"
"state_co_406","base.co","BUSBANZÁ / Boyacá","15114","152080"
"state_co_407","base.co","CALDAS / Boyacá","15131","154667"
"state_co_408","base.co","CAMPOHERMOSO / Boyacá","15135","152647"
"state_co_409","base.co","CERINZA / Boyacá","15162","150620"
"state_co_410","base.co","CHINAVITA / Boyacá","15172","153287"
"state_co_411","base.co","CHIQUINQUIRÁ / Boyacá","15176","154640"
"state_co_412","base.co","CHISCAS / Boyacá","15180","151407"
"state_co_413","base.co","CHITA / Boyacá","15183","151608"
"state_co_414","base.co","CHITARAQUE / Boyacá","15185","154427"
"state_co_415","base.co","CHIVATÁ / Boyacá","15187","150247"
"state_co_416","base.co","CIÉNEGA / Boyacá","15189","153440"
"state_co_417","base.co","CÓMBITA / Boyacá","15204","150207"
"state_co_418","base.co","COPER / Boyacá","15212","154860"
"state_co_419","base.co","CORRALES / Boyacá","15215","152060"
"state_co_420","base.co","COVARACHÍA / Boyacá","15218","151047"
"state_co_421","base.co","CUBARÁ / Boyacá","15223","151427"
"state_co_422","base.co","CUCAITA / Boyacá","15224","154060"
"state_co_423","base.co","CUÍTIVA / Boyacá","15226","152237"
"state_co_424","base.co","CHÍQUIZA / Boyacá","15232","154020"
"state_co_425","base.co","CHIVOR / Boyacá","15236","153001"
"state_co_426","base.co","DUITAMA / Boyacá","15238","150462"
"state_co_427","base.co","EL COCUY / Boyacá","15244","151287"
"state_co_428","base.co","EL ESPINO / Boyacá","15248","151240"
"state_co_429","base.co","FIRAVITOBA / Boyacá","15272","152250"
"state_co_430","base.co","FLORESTA / Boyacá","15276","150607"
"state_co_431","base.co","GACHANTIVÁ / Boyacá","15293","154220"
"state_co_432","base.co","GAMEZA / Boyacá","15296","152020"
"state_co_433","base.co","GARAGOA / Boyacá","15299","152867"
"state_co_434","base.co","GUACAMAYAS / Boyacá","15317","151220"
"state_co_435","base.co","GUATEQUE / Boyacá","15322","153057"
"state_co_436","base.co","GUAYATÁ / Boyacá","15325","153047"
"state_co_437","base.co","GÜICÁN / Boyacá","15332","151447"
"state_co_438","base.co","IZA / Boyacá","15362","152240"
"state_co_439","base.co","JENESANO / Boyacá","15367","153608"
"state_co_440","base.co","JERICÓ / Boyacá","15368","150840"
"state_co_441","base.co","LABRANZAGRANDE / Boyacá","15377","151840"
"state_co_442","base.co","LA CAPILLA / Boyacá","15380","153227"
"state_co_443","base.co","LA VICTORIA / Boyacá","15401","155001"
"state_co_444","base.co","LA UVITA / Boyacá","15403","150860"
"state_co_445","base.co","VILLA DE LEYVA / Boyacá","15407","154001"
"state_co_446","base.co","MACANAL / Boyacá","15425","152847"
"state_co_447","base.co","MARIPÍ / Boyacá","15442","154827"
"state_co_448","base.co","MIRAFLORES / Boyacá","15455","152667"
"state_co_449","base.co","MONGUA / Boyacá","15464","152001"
"state_co_450","base.co","MONGUÍ / Boyacá","15466","152207"
"state_co_451","base.co","MONIQUIRÁ / Boyacá","15469","154269"
"state_co_452","base.co","MOTAVITA / Boyacá","15476","154080"
"state_co_453","base.co","MUZO / Boyacá","15480","154887"
"state_co_454","base.co","NOBSA / Boyacá","15491","152280"
"state_co_455","base.co","NUEVO COLÓN / Boyacá","15494","153620"
"state_co_456","base.co","OICATÁ / Boyacá","15500","150220"
"state_co_457","base.co","OTANCHE / Boyacá","15507","155060"
"state_co_458","base.co","PACHAVITA / Boyacá","15511","153217"
"state_co_459","base.co","PÁEZ / Boyacá","15514","152627"
"state_co_460","base.co","PAIPA / Boyacá","15516","150448"
"state_co_461","base.co","PAJARITO / Boyacá","15518","152401"
"state_co_462","base.co","PANQUEBA / Boyacá","15522","151267"
"state_co_463","base.co","PAUNA / Boyacá","15531","154808"
"state_co_464","base.co","PAYA / Boyacá","15533","151827"
"state_co_465","base.co","PAZ DE RÍO / Boyacá","15537","150680"
"state_co_466","base.co","PESCA / Boyacá","15542","152468"
"state_co_467","base.co","PISBA / Boyacá","15550","151801"
"state_co_468","base.co","PUERTO BOYACÁ / Boyacá","15572","155218"
"state_co_469","base.co","QUÍPAMA / Boyacá","15580","155027"
"state_co_470","base.co","RAMIRIQUÍ / Boyacá","15599","153407"
"state_co_471","base.co","RÁQUIRA / Boyacá","15600","153801"
"state_co_472","base.co","RONDÓN / Boyacá","15621","153420"
"state_co_473","base.co","SABOYÁ / Boyacá","15632","154601"
"state_co_474","base.co","SÁCHICA / Boyacá","15638","153880"
"state_co_475","base.co","SAMACÁ / Boyacá","15646","153667"
"state_co_476","base.co","SAN EDUARDO / Boyacá","15660","152601"
"state_co_477","base.co","SAN JOSÉ DE PARE / Boyacá","15664","154460"
"state_co_478","base.co","SAN LUIS DE GACENO / Boyacá","15667","152807"
"state_co_479","base.co","SAN MATEO / Boyacá","15673","151201"
"state_co_480","base.co","SAN MIGUEL DE SEMA / Boyacá","15676","153827"
"state_co_481","base.co","SAN PABLO DE BORBUR / Boyacá","15681","155047"
"state_co_482","base.co","SANTANA / Boyacá","15686","154448"
"state_co_483","base.co","SANTA MARÍA / Boyacá","15690","152820"
"state_co_484","base.co","SANTA ROSA DE VITERBO / Boyacá","15693","150487"
"state_co_485","base.co","SANTA SOFÍA / Boyacá","15696","154240"
"state_co_486","base.co","SATIVANORTE / Boyacá","15720","150820"
"state_co_487","base.co","SATIVASUR / Boyacá","15723","150807"
"state_co_488","base.co","SIACHOQUE / Boyacá","15740","153468"
"state_co_489","base.co","SOATÁ / Boyacá","15753","151007"
"state_co_490","base.co","SOCOTÁ / Boyacá","15755","151627"
"state_co_491","base.co","SOCHA / Boyacá","15757","151647"
"state_co_492","base.co","SOGAMOSO / Boyacá","15759","152211"
"state_co_493","base.co","SOMONDOCO / Boyacá","15761","153037"
"state_co_494","base.co","SORA / Boyacá","15762","154040"
"state_co_495","base.co","SOTAQUIRÁ / Boyacá","15763","150427"
"state_co_496","base.co","SORACÁ / Boyacá","15764","153487"
"state_co_497","base.co","SUSACÓN / Boyacá","15774","150887"
"state_co_498","base.co","SUTAMARCHÁN / Boyacá","15776","153867"
"state_co_499","base.co","SUTATENZA / Boyacá","15778","153067"
"state_co_500","base.co","TASCO / Boyacá","15790","151660"
"state_co_501","base.co","TENZA / Boyacá","15798","153207"
"state_co_502","base.co","TIBANÁ / Boyacá","15804","153260"
"state_co_503","base.co","TIBASOSA / Boyacá","15806","152268"
"state_co_504","base.co","TINJACÁ / Boyacá","15808","153847"
"state_co_505","base.co","TIPACOQUE / Boyacá","15810","151027"
"state_co_506","base.co","TOCA / Boyacá","15814","150267"
"state_co_507","base.co","TOGÜÍ / Boyacá","15816","154407"
"state_co_508","base.co","TÓPAGA / Boyacá","15820","152047"
"state_co_509","base.co","TOTA / Boyacá","15822","152447"
"state_co_510","base.co","TUNUNGUÁ / Boyacá","15832","154687"
"state_co_511","base.co","TURMEQUÉ / Boyacá","15835","153637"
"state_co_512","base.co","TUTA / Boyacá","15837","150408"
"state_co_513","base.co","TUTAZÁ / Boyacá","15839","150660"
"state_co_514","base.co","UMBITA / Boyacá","15842","153240"
"state_co_515","base.co","VENTAQUEMADA / Boyacá","15861","153647"
"state_co_516","base.co","VIRACACHÁ / Boyacá","15879","153450"
"state_co_517","base.co","ZETAQUIRA / Boyacá","15897","152680"
"state_co_518","base.co","MANIZALES / Caldas","17001","170003"
"state_co_519","base.co","AGUADAS / Caldas","17013","172027"
"state_co_520","base.co","ANSERMA / Caldas","17042","177087"
"state_co_521","base.co","ARANZAZU / Caldas","17050","171047"
"state_co_522","base.co","BELALCÁZAR / Caldas","17088","177007"
"state_co_523","base.co","CHINCHINÁ / Caldas","17174","176028"
"state_co_524","base.co","FILADELFIA / Caldas","17272","171020"
"state_co_525","base.co","LA DORADA / Caldas","17380","175037"
"state_co_526","base.co","LA MERCED / Caldas","17388","172060"
"state_co_527","base.co","MANZANARES / Caldas","17433","173020"
"state_co_528","base.co","MARMATO / Caldas","17442","178001"
"state_co_529","base.co","MARQUETALIA / Caldas","17444","173047"
"state_co_530","base.co","MARULANDA / Caldas","17446","173001"
"state_co_531","base.co","NEIRA / Caldas","17486","171008"
"state_co_532","base.co","NORCASIA / Caldas","17495","175001"
"state_co_533","base.co","PÁCORA / Caldas","17513","172048"
"state_co_534","base.co","PALESTINA / Caldas","17524","176048"
"state_co_535","base.co","PENSILVANIA / Caldas","17541","173060"
"state_co_536","base.co","RIOSUCIO / Caldas","17614","178047"
"state_co_537","base.co","RISARALDA / Caldas","17616","177060"
"state_co_538","base.co","SALAMINA / Caldas","17653","172001"
"state_co_539","base.co","SAMANÁ / Caldas","17662","174008"
"state_co_540","base.co","SAN JOSÉ / Caldas","17665","177040"
"state_co_541","base.co","SUPÍA / Caldas","17777","178020"
"state_co_542","base.co","VICTORIA / Caldas","17867","174037"
"state_co_543","base.co","VILLAMARÍA / Caldas","17873","176001"
"state_co_544","base.co","VITERBO / Caldas","17877","177020"
"state_co_545","base.co","FLORENCIA / Caquetá","18001","180017"
"state_co_546","base.co","ALBANIA / Caquetá","18029","186037"
"state_co_547","base.co","BELÉN DE LOS ANDAQUIES / Caquetá","18094","186017"
"state_co_548","base.co","CARTAGENA DEL CHAIRÁ / Caquetá","18150","183010"
"state_co_549","base.co","CURILLO / Caquetá","18205","186058"
"state_co_550","base.co","EL DONCELLO / Caquetá","18247","181017"
"state_co_551","base.co","EL PAUJIL / Caquetá","18256","181037"
"state_co_552","base.co","LA MONTAÑITA / Caquetá","18410","181059"
"state_co_553","base.co","MILÁN / Caquetá","18460","185037"
"state_co_554","base.co","MORELIA / Caquetá","18479","185017"
"state_co_555","base.co","PUERTO RICO / Caquetá","18592","182058"
"state_co_556","base.co","SAN JOSÉ DEL FRAGUA / Caquetá","18610","186077"
"state_co_557","base.co","SAN VICENTE DEL CAGUÁN / Caquetá","18753","182017"
"state_co_558","base.co","SOLANO / Caquetá","18756","184010"
"state_co_559","base.co","SOLITA / Caquetá","18785","185077"
"state_co_560","base.co","VALPARAÍSO / Caquetá","18860","185057"
"state_co_561","base.co","POPAYÁN / Cauca","19001","190009"
"state_co_562","base.co","ALMAGUER / Cauca","19022","194080"
"state_co_563","base.co","ARGELIA / Cauca","19050","195567"
"state_co_564","base.co","BALBOA / Cauca","19075","195539"
"state_co_565","base.co","BOLÍVAR / Cauca","19100","195008"
"state_co_566","base.co","BUENOS AIRES / Cauca","19110","191007"
"state_co_567","base.co","CAJIBÍO / Cauca","19130","190509"
"state_co_568","base.co","CALDONO / Cauca","19137","192048"
"state_co_569","base.co","CALOTO / Cauca","19142","191077"
"state_co_570","base.co","CORINTO / Cauca","19212","191568"
"state_co_571","base.co","EL TAMBO / Cauca","19256","193588"
"state_co_572","base.co","FLORENCIA / Cauca","19290","195040"
"state_co_573","base.co","GUAPI / Cauca","19318","196009"
"state_co_574","base.co","INZÁ / Cauca","19355","192547"
"state_co_575","base.co","JAMBALÓ / Cauca","19364","192027"
"state_co_576","base.co","LA SIERRA / Cauca","19392","194007"
"state_co_577","base.co","LA VEGA / Cauca","19397","194028"
"state_co_578","base.co","LÓPEZ / Cauca","19418","196060"
"state_co_579","base.co","MERCADERES / Cauca","19450","195067"
"state_co_580","base.co","MIRANDA / Cauca","19455","191528"
"state_co_581","base.co","MORALES / Cauca","19473","190567"
"state_co_582","base.co","PADILLA / Cauca","19513","191540"
"state_co_583","base.co","PAEZ / Cauca","19517","192508"
"state_co_584","base.co","PATÍA / Cauca","19532","195507"
"state_co_585","base.co","PIAMONTE / Cauca","19533","194558"
"state_co_586","base.co","PIENDAMÓ / Cauca","19548","190547"
"state_co_587","base.co","PUERTO TEJADA / Cauca","19573","191501"
"state_co_588","base.co","PURACÉ / Cauca","19585","193001"
"state_co_589","base.co","ROSAS / Cauca","19622","193550"
"state_co_590","base.co","SAN SEBASTIÁN / Cauca","19693","194508"
"state_co_591","base.co","SANTANDER DE QUILICHAO / Cauca","19698","191048"
"state_co_592","base.co","SANTA ROSA / Cauca","19701","194528"
"state_co_593","base.co","SILVIA / Cauca","19743","192077"
"state_co_594","base.co","SOTARA / Cauca","19760","193507"
"state_co_595","base.co","SUÁREZ / Cauca","19780","190589"
"state_co_596","base.co","SUCRE / Cauca","19785","194068"
"state_co_597","base.co","TIMBÍO / Cauca","19807","193537"
"state_co_598","base.co","TIMBIQUÍ / Cauca","19809","196038"
"state_co_599","base.co","TORIBIO / Cauca","19821","192008"
"state_co_600","base.co","TOTORÓ / Cauca","19824","192579"
"state_co_601","base.co","VILLA RICA / Cauca","19845","191067"
"state_co_602","base.co","VALLEDUPAR / Cesar","20001","200009"
"state_co_603","base.co","AGUACHICA / Cesar","20011","205010"
"state_co_604","base.co","AGUSTÍN CODAZZI / Cesar","20013","202050"
"state_co_605","base.co","ASTREA / Cesar","20032","201048"
"state_co_606","base.co","BECERRIL / Cesar","20045","203001"
"state_co_607","base.co","BOSCONIA / Cesar","20060","201027"
"state_co_608","base.co","CHIMICHAGUA / Cesar","20175","201057"
"state_co_609","base.co","CHIRIGUANÁ / Cesar","20178","203048"
"state_co_610","base.co","CURUMANÍ / Cesar","20228","203067"
"state_co_611","base.co","EL COPEY / Cesar","20238","201010"
"state_co_612","base.co","EL PASO / Cesar","20250","201038"
"state_co_613","base.co","GAMARRA / Cesar","20295","205008"
"state_co_614","base.co","GONZÁLEZ / Cesar","20310","205037"
"state_co_615","base.co","LA GLORIA / Cesar","20383","204067"
"state_co_616","base.co","LA JAGUA DE IBIRICO / Cesar","20400","203020"
"state_co_617","base.co","MANAURE / Cesar","20443","202001"
"state_co_618","base.co","PAILITAS / Cesar","20517","204001"
"state_co_619","base.co","PELAYA / Cesar","20550","204047"
"state_co_620","base.co","PUEBLO BELLO / Cesar","20570","201001"
"state_co_621","base.co","RÍO DE ORO / Cesar","20614","205040"
"state_co_622","base.co","LA PAZ / Cesar","20621","202017"
"state_co_623","base.co","SAN ALBERTO / Cesar","20710","205078"
"state_co_624","base.co","SAN DIEGO / Cesar","20750","202037"
"state_co_625","base.co","SAN MARTÍN / Cesar","20770","205050"
"state_co_626","base.co","TAMALAMEQUE / Cesar","20787","204020"
"state_co_627","base.co","MONTERÍA / Córdoba","23001","230017"
"state_co_628","base.co","AYAPEL / Córdoba","23068","233538"
"state_co_629","base.co","BUENAVISTA / Córdoba","23079","233020"
"state_co_630","base.co","CANALETE / Córdoba","23090","235048"
"state_co_631","base.co","CERETÉ / Córdoba","23162","230558"
"state_co_632","base.co","CHIMÁ / Córdoba","23168","232017"
"state_co_633","base.co","CHINÚ / Córdoba","23182","232050"
"state_co_634","base.co","CIÉNAGA DE ORO / Córdoba","23189","232537"
"state_co_635","base.co","COTORRA / Córdoba","23300","230507"
"state_co_636","base.co","LA APARTADA / Córdoba","23350","233501"
"state_co_637","base.co","LORICA / Córdoba","23417","231048"
"state_co_638","base.co","LOS CÓRDOBAS / Córdoba","23419","235020"
"state_co_639","base.co","MOMIL / Córdoba","23464","232008"
"state_co_640","base.co","MONTELÍBANO / Córdoba","23466","234007"
"state_co_641","base.co","MOÑITOS / Córdoba","23500","231007"
"state_co_642","base.co","PLANETA RICA / Córdoba","23555","233049"
"state_co_643","base.co","PUEBLO NUEVO / Córdoba","23570","233001"
"state_co_644","base.co","PUERTO ESCONDIDO / Córdoba","23574","235008"
"state_co_645","base.co","PUERTO LIBERTADOR / Córdoba","23580","234030"
"state_co_646","base.co","PURÍSIMA / Córdoba","23586","231540"
"state_co_647","base.co","SAHAGÚN / Córdoba","23660","232557"
"state_co_648","base.co","SAN ANDRÉS SOTAVENTO / Córdoba","23670","232039"
"state_co_649","base.co","SAN ANTERO / Córdoba","23672","231520"
"state_co_650","base.co","SAN BERNARDO DEL VIENTO / Córdoba","23675","231507"
"state_co_651","base.co","SAN CARLOS / Córdoba","23678","232508"
"state_co_652","base.co","SAN PELAYO / Córdoba","23686","230520"
"state_co_653","base.co","TIERRALTA / Córdoba","23807","234517"
"state_co_654","base.co","VALENCIA / Córdoba","23855","234538"
"state_co_655","base.co","AGUA DE DIOS / Cundinamarca","25001","252850"
"state_co_656","base.co","ALBÁN / Cundinamarca","25019","253201"
"state_co_657","base.co","ANAPOIMA / Cundinamarca","25035","252640"
"state_co_658","base.co","ANOLAIMA / Cundinamarca","25040","253047"
"state_co_659","base.co","ARBELÁEZ / Cundinamarca","25053","252008"
"state_co_660","base.co","BELTRÁN / Cundinamarca","25086","253260"
"state_co_661","base.co","BITUIMA / Cundinamarca","25095","253227"
"state_co_662","base.co","BOJACÁ / Cundinamarca","25099","253007"
"state_co_663","base.co","CABRERA / Cundinamarca","25120","252040"
"state_co_664","base.co","CACHIPAY / Cundinamarca","25123","253020"
"state_co_665","base.co","CAJICÁ / Cundinamarca","25126","250247"
"state_co_666","base.co","CAPARRAPÍ / Cundinamarca","25148","253460"
"state_co_667","base.co","CAQUEZA / Cundinamarca","25151","251820"
"state_co_668","base.co","CARMEN DE CARUPA / Cundinamarca","25154","250428"
"state_co_669","base.co","CHAGUANÍ / Cundinamarca","25168","253240"
"state_co_670","base.co","CHÍA / Cundinamarca","25175","250002"
"state_co_671","base.co","CHIPAQUE / Cundinamarca","25178","251808"
"state_co_672","base.co","CHOACHÍ / Cundinamarca","25181","251628"
"state_co_673","base.co","CHOCONTÁ / Cundinamarca","25183","250801"
"state_co_674","base.co","COGUA / Cundinamarca","25200","250407"
"state_co_675","base.co","COTA / Cundinamarca","25214","250010"
"state_co_676","base.co","CUCUNUBÁ / Cundinamarca","25224","250450"
"state_co_677","base.co","EL COLEGIO / Cundinamarca","25245","252638"
"state_co_678","base.co","EL PEÑÓN / Cundinamarca","25258","254020"
"state_co_679","base.co","EL ROSAL / Cundinamarca","25260","250217"
"state_co_680","base.co","FACATATIVÁ / Cundinamarca","25269","253052"
"state_co_681","base.co","FOMEQUE / Cundinamarca","25279","251648"
"state_co_682","base.co","FOSCA / Cundinamarca","25281","251830"
"state_co_683","base.co","FUNZA / Cundinamarca","25286","250020"
"state_co_684","base.co","FÚQUENE / Cundinamarca","25288","250620"
"state_co_685","base.co","FUSAGASUGÁ / Cundinamarca","25290","252212"
"state_co_686","base.co","GACHALA / Cundinamarca","25293","251257"
"state_co_687","base.co","GACHANCIPÁ / Cundinamarca","25295","251020"
"state_co_688","base.co","GACHETÁ / Cundinamarca","25297","251230"
"state_co_689","base.co","GAMA / Cundinamarca","25299","251240"
"state_co_690","base.co","GIRARDOT / Cundinamarca","25307","252431"
"state_co_691","base.co","GRANADA / Cundinamarca","25312","252257"
"state_co_692","base.co","GUACHETÁ / Cundinamarca","25317","250617"
"state_co_693","base.co","GUADUAS / Cundinamarca","25320","253440"
"state_co_694","base.co","GUASCA / Cundinamarca","25322","251217"
"state_co_695","base.co","GUATAQUÍ / Cundinamarca","25324","252820"
"state_co_696","base.co","GUATAVITA / Cundinamarca","25326","251067"
"state_co_697","base.co","GUAYABAL DE SIQUIMA / Cundinamarca","25328","253217"
"state_co_698","base.co","GUAYABETAL / Cundinamarca","25335","251850"
"state_co_699","base.co","GUTIÉRREZ / Cundinamarca","25339","251860"
"state_co_700","base.co","JERUSALÉN / Cundinamarca","25368","252810"
"state_co_701","base.co","JUNÍN / Cundinamarca","25372","251227"
"state_co_702","base.co","LA CALERA / Cundinamarca","25377","251208"
"state_co_703","base.co","LA MESA / Cundinamarca","25386","252607"
"state_co_704","base.co","LA PALMA / Cundinamarca","25394","253807"
"state_co_705","base.co","LA PEÑA / Cundinamarca","25398","253647"
"state_co_706","base.co","LA VEGA / Cundinamarca","25402","253610"
"state_co_707","base.co","LENGUAZAQUE / Cundinamarca","25407","250601"
"state_co_708","base.co","MACHETA / Cundinamarca","25426","250847"
"state_co_709","base.co","MADRID / Cundinamarca","25430","250030"
"state_co_710","base.co","MANTA / Cundinamarca","25436","250830"
"state_co_711","base.co","MEDINA / Cundinamarca","25438","251428"
"state_co_712","base.co","MOSQUERA / Cundinamarca","25473","250047"
"state_co_713","base.co","NARIÑO / Cundinamarca","25483","252830"
"state_co_714","base.co","NEMOCÓN / Cundinamarca","25486","251038"
"state_co_715","base.co","NILO / Cundinamarca","25488","252401"
"state_co_716","base.co","NIMAIMA / Cundinamarca","25489","253637"
"state_co_717","base.co","NOCAIMA / Cundinamarca","25491","253627"
"state_co_718","base.co","VENECIA / Cundinamarca","25506","252030"
"state_co_719","base.co","PACHO / Cundinamarca","25513","254007"
"state_co_720","base.co","PAIME / Cundinamarca","25518","254040"
"state_co_721","base.co","PANDI / Cundinamarca","25524","252010"
"state_co_722","base.co","PARATEBUENO / Cundinamarca","25530","251407"
"state_co_723","base.co","PASCA / Cundinamarca","25535","252201"
"state_co_724","base.co","PUERTO SALGAR / Cundinamarca","25572","253480"
"state_co_725","base.co","PULÍ / Cundinamarca","25580","252801"
"state_co_726","base.co","QUEBRADANEGRA / Cundinamarca","25592","253427"
"state_co_727","base.co","QUETAME / Cundinamarca","25594","251847"
"state_co_728","base.co","QUIPILE / Cundinamarca","25596","253030"
"state_co_729","base.co","APULO / Cundinamarca","25599","252657"
"state_co_730","base.co","RICAURTE / Cundinamarca","25612","252417"
"state_co_731","base.co","SAN ANTONIO DEL TEQUENDAMA / Cundinamarca","25645","252627"
"state_co_732","base.co","SAN BERNARDO / Cundinamarca","25649","252020"
"state_co_733","base.co","SAN CAYETANO / Cundinamarca","25653","254050"
"state_co_734","base.co","SAN FRANCISCO / Cundinamarca","25658","253607"
"state_co_735","base.co","SAN JUAN DE RÍO SECO / Cundinamarca","25662","253257"
"state_co_736","base.co","SASAIMA / Cundinamarca","25718","253407"
"state_co_737","base.co","SESQUILÉ / Cundinamarca","25736","251057"
"state_co_738","base.co","SIBATÉ / Cundinamarca","25740","250078"
"state_co_739","base.co","SILVANIA / Cundinamarca","25743","252247"
"state_co_740","base.co","SIMIJACA / Cundinamarca","25745","250640"
"state_co_741","base.co","SOACHA / Cundinamarca","25754","250051"
"state_co_742","base.co","SOPÓ / Cundinamarca","25758","251001"
"state_co_743","base.co","SUBACHOQUE / Cundinamarca","25769","250220"
"state_co_744","base.co","SUESCA / Cundinamarca","25772","251047"
"state_co_745","base.co","SUPATÁ / Cundinamarca","25777","253660"
"state_co_746","base.co","SUSA / Cundinamarca","25779","250630"
"state_co_747","base.co","SUTATAUSA / Cundinamarca","25781","250440"
"state_co_748","base.co","TABIO / Cundinamarca","25785","250237"
"state_co_749","base.co","TAUSA / Cundinamarca","25793","250418"
"state_co_750","base.co","TENA / Cundinamarca","25797","252610"
"state_co_751","base.co","TENJO / Cundinamarca","25799","250207"
"state_co_752","base.co","TIBACUY / Cundinamarca","25805","252237"
"state_co_753","base.co","TIBIRITA / Cundinamarca","25807","250827"
"state_co_754","base.co","TOCAIMA / Cundinamarca","25815","252848"
"state_co_755","base.co","TOCANCIPÁ / Cundinamarca","25817","251010"
"state_co_756","base.co","TOPAIPÍ / Cundinamarca","25823","253827"
"state_co_757","base.co","UBALÁ / Cundinamarca","25839","251267"
"state_co_758","base.co","UBAQUE / Cundinamarca","25841","251607"
"state_co_759","base.co","VILLA DE SAN DIEGO DE UBATE / Cundinamarca","25843","250430"
"state_co_760","base.co","UNE / Cundinamarca","25845","251810"
"state_co_761","base.co","ÚTICA / Cundinamarca","25851","253437"
"state_co_762","base.co","VERGARA / Cundinamarca","25862","253650"
"state_co_763","base.co","VIANÍ / Cundinamarca","25867","253230"
"state_co_764","base.co","VILLAGÓMEZ / Cundinamarca","25871","254030"
"state_co_765","base.co","VILLAPINZÓN / Cundinamarca","25873","250818"
"state_co_766","base.co","VILLETA / Cundinamarca","25875","253410"
"state_co_767","base.co","VIOTÁ / Cundinamarca","25878","252667"
"state_co_768","base.co","YACOPÍ / Cundinamarca","25885","253840"
"state_co_769","base.co","ZIPACÓN / Cundinamarca","25898","253010"
"state_co_770","base.co","ZIPAQUIRÁ / Cundinamarca","25899","250257"
"state_co_771","base.co","QUIBDÓ / Chocó","27001","270007"
"state_co_772","base.co","ACANDÍ / Chocó","27006","278010"
"state_co_773","base.co","ALTO BAUDO / Chocó","27025","276078"
"state_co_774","base.co","ATRATO / Chocó","27050","272017"
"state_co_775","base.co","BAGADÓ / Chocó","27073","271050"
"state_co_776","base.co","BAHÍA SOLANO / Chocó","27075","276030"
"state_co_777","base.co","BAJO BAUDÓ / Chocó","27077","275038"
"state_co_778","base.co","BELÉN DE BAJIRÁ / Chocó","27086",""
"state_co_779","base.co","BOJAYA / Chocó","27099","277050"
"state_co_780","base.co","EL CANTÓN DEL SAN PABLO / Chocó","27135","272048"
"state_co_781","base.co","CARMEN DEL DARIEN / Chocó","27150","277038"
"state_co_782","base.co","CÉRTEGUI / Chocó","27160","272020"
"state_co_783","base.co","CONDOTO / Chocó","27205","273037"
"state_co_784","base.co","EL CARMEN DE ATRATO / Chocó","27245","271017"
"state_co_785","base.co","EL LITORAL DEL SAN JUAN / Chocó","27250","275058"
"state_co_786","base.co","ISTMINA / Chocó","27361","274017"
"state_co_787","base.co","JURADÓ / Chocó","27372","276018"
"state_co_788","base.co","LLORÓ / Chocó","27413","271037"
"state_co_789","base.co","MEDIO ATRATO / Chocó","27425","270070"
"state_co_790","base.co","MEDIO BAUDÓ / Chocó","27430","275010"
"state_co_791","base.co","MEDIO SAN JUAN / Chocó","27450","274039"
"state_co_792","base.co","NÓVITA / Chocó","27491","273058"
"state_co_793","base.co","NUQUÍ / Chocó","27495","276050"
"state_co_794","base.co","RÍO IRO / Chocó","27580","273010"
"state_co_795","base.co","RÍO QUITO / Chocó","27600","272050"
"state_co_796","base.co","RIOSUCIO / Chocó","27615","277010"
"state_co_797","base.co","SAN JOSÉ DEL PALMAR / Chocó","27660","273077"
"state_co_798","base.co","SIPÍ / Chocó","27745","274050"
"state_co_799","base.co","TADÓ / Chocó","27787","271077"
"state_co_800","base.co","UNGUÍA / Chocó","27800","278037"
"state_co_801","base.co","UNIÓN PANAMERICANA / Chocó","27810","272037"
"state_co_802","base.co","NEIVA / Huila","41001","410003"
"state_co_803","base.co","ACEVEDO / Huila","41006","417079"
"state_co_804","base.co","AGRADO / Huila","41013","414040"
"state_co_805","base.co","AIPE / Huila","41016","411007"
"state_co_806","base.co","ALGECIRAS / Huila","41020","413040"
"state_co_807","base.co","ALTAMIRA / Huila","41026","416027"
"state_co_808","base.co","BARAYA / Huila","41078","411060"
"state_co_809","base.co","CAMPOALEGRE / Huila","41132","413028"
"state_co_810","base.co","COLOMBIA / Huila","41206","411087"
"state_co_811","base.co","ELÍAS / Huila","41244","417007"
"state_co_812","base.co","GARZÓN / Huila","41298","414027"
"state_co_813","base.co","GIGANTE / Huila","41306","414008"
"state_co_814","base.co","GUADALUPE / Huila","41319","416048"
"state_co_815","base.co","HOBO / Huila","41349","413067"
"state_co_816","base.co","IQUIRA / Huila","41357","412060"
"state_co_817","base.co","ISNOS / Huila","41359","418049"
"state_co_818","base.co","LA ARGENTINA / Huila","41378","415080"
"state_co_819","base.co","LA PLATA / Huila","41396","416067"
"state_co_820","base.co","NÁTAGA / Huila","41483","415027"
"state_co_821","base.co","OPORAPA / Huila","41503","418007"
"state_co_822","base.co","PAICOL / Huila","41518","415047"
"state_co_823","base.co","PALERMO / Huila","41524","412008"
"state_co_824","base.co","PALESTINA / Huila","41530","417060"
"state_co_825","base.co","PITAL / Huila","41548","414068"
"state_co_826","base.co","PITALITO / Huila","41551","417038"
"state_co_827","base.co","RIVERA / Huila","41615","413008"
"state_co_828","base.co","SALADOBLANCO / Huila","41660","418028"
"state_co_829","base.co","SAN AGUSTÍN / Huila","41668","418077"
"state_co_830","base.co","SANTA MARÍA / Huila","41676","412020"
"state_co_831","base.co","SUAZA / Huila","41770","416087"
"state_co_832","base.co","TARQUI / Huila","41791","416001"
"state_co_833","base.co","TESALIA / Huila","41797","415008"
"state_co_834","base.co","TELLO / Huila","41799","411048"
"state_co_835","base.co","TERUEL / Huila","41801","412047"
"state_co_836","base.co","TIMANÁ / Huila","41807","417018"
"state_co_837","base.co","VILLAVIEJA / Huila","41872","411027"
"state_co_838","base.co","YAGUARÁ / Huila","41885","412080"
"state_co_839","base.co","RIOHACHA / La Guajira","44001","440007"
"state_co_840","base.co","ALBANIA / La Guajira","44035","443007"
"state_co_841","base.co","BARRANCAS / La Guajira","44078","443049"
"state_co_842","base.co","DIBULLA / La Guajira","44090","446007"
"state_co_843","base.co","DISTRACCIÓN / La Guajira","44098","444008"
"state_co_844","base.co","EL MOLINO / La Guajira","44110","444057"
"state_co_845","base.co","FONSECA / La Guajira","44279","444010"
"state_co_846","base.co","HATONUEVO / La Guajira","44378","443027"
"state_co_847","base.co","LA JAGUA DEL PILAR / La Guajira","44420","445040"
"state_co_848","base.co","MAICAO / La Guajira","44430","442009"
"state_co_849","base.co","MANAURE / La Guajira","44560","441009"
"state_co_850","base.co","SAN JUAN DEL CESAR / La Guajira","44650","444037"
"state_co_851","base.co","URIBIA / La Guajira","44847","441048"
"state_co_852","base.co","URUMITA / La Guajira","44855","445027"
"state_co_853","base.co","VILLANUEVA / La Guajira","44874","445007"
"state_co_854","base.co","SANTA MARTA / Magdalena","47001","470009"
"state_co_855","base.co","ALGARROBO / Magdalena","47030","472047"
"state_co_856","base.co","ARACATACA / Magdalena","47053","472007"
"state_co_857","base.co","ARIGUANÍ / Magdalena","47058","475017"
"state_co_858","base.co","CERRO SAN ANTONIO / Magdalena","47161","476020"
"state_co_859","base.co","CHIBOLO / Magdalena","47170","476067"
"state_co_860","base.co","CIÉNAGA / Magdalena","47189","478007"
"state_co_861","base.co","CONCORDIA / Magdalena","47205","476037"
"state_co_862","base.co","EL BANCO / Magdalena","47245","473047"
"state_co_863","base.co","EL PIÑON / Magdalena","47258","476007"
"state_co_864","base.co","EL RETÉN / Magdalena","47268","478067"
"state_co_865","base.co","FUNDACIÓN / Magdalena","47288","472028"
"state_co_866","base.co","GUAMAL / Magdalena","47318","473029"
"state_co_867","base.co","NUEVA GRANADA / Magdalena","47460","475020"
"state_co_868","base.co","PEDRAZA / Magdalena","47541","476047"
"state_co_869","base.co","PIJIÑO DEL CARMEN / Magdalena","47545","474048"
"state_co_870","base.co","PIVIJAY / Magdalena","47551","477050"
"state_co_871","base.co","PLATO / Magdalena","47555","475030"
"state_co_872","base.co","PUEBLOVIEJO / Magdalena","47570","478048"
"state_co_873","base.co","REMOLINO / Magdalena","47605","477020"
"state_co_874","base.co","SABANAS DE SAN ANGEL / Magdalena","47660","475008"
"state_co_875","base.co","SALAMINA / Magdalena","47675","477047"
"state_co_876","base.co","SAN SEBASTIÁN DE BUENAVISTA / Magdalena","47692","473001"
"state_co_877","base.co","SAN ZENÓN / Magdalena","47703","474067"
"state_co_878","base.co","SANTA ANA / Magdalena","47707","474028"
"state_co_879","base.co","SANTA BÁRBARA DE PINTO / Magdalena","47720","474007"
"state_co_880","base.co","SITIONUEVO / Magdalena","47745","477009"
"state_co_881","base.co","TENERIFE / Magdalena","47798","475057"
"state_co_882","base.co","ZAPAYÁN / Magdalena","47960","476058"
"state_co_883","base.co","ZONA BANANERA / Magdalena","47980","478020"
"state_co_884","base.co","VILLAVICENCIO / Meta","50001","500004"
"state_co_885","base.co","ACACÍAS / Meta","50006","507008"
"state_co_886","base.co","BARRANCA DE UPÍA / Meta","50110","501001"
"state_co_887","base.co","CABUYARO / Meta","50124","501017"
"state_co_888","base.co","CASTILLA LA NUEVA / Meta","50150","507048"
"state_co_889","base.co","CUBARRAL / Meta","50223","506001"
"state_co_890","base.co","CUMARAL / Meta","50226","501028"
"state_co_891","base.co","EL CALVARIO / Meta","50245","501041"
"state_co_892","base.co","EL CASTILLO / Meta","50251","506047"
"state_co_893","base.co","EL DORADO / Meta","50270","506027"
"state_co_894","base.co","FUENTE DE ORO / Meta","50287","504027"
"state_co_895","base.co","GRANADA / Meta","50313","504001"
"state_co_896","base.co","GUAMAL / Meta","50318","507051"
"state_co_897","base.co","MAPIRIPÁN / Meta","50325","503021"
"state_co_898","base.co","MESETAS / Meta","50330","505008"
"state_co_899","base.co","LA MACARENA / Meta","50350","505021"
"state_co_900","base.co","URIBE / Meta","50370","505048"
"state_co_901","base.co","LEJANÍAS / Meta","50400","506068"
"state_co_902","base.co","PUERTO CONCORDIA / Meta","50450","503041"
"state_co_903","base.co","PUERTO GAITÁN / Meta","50568","502048"
"state_co_904","base.co","PUERTO LÓPEZ / Meta","50573","502008"
"state_co_905","base.co","PUERTO LLERAS / Meta","50577","503008"
"state_co_906","base.co","PUERTO RICO / Meta","50590","503061"
"state_co_907","base.co","RESTREPO / Meta","50606","501038"
"state_co_908","base.co","SAN CARLOS DE GUAROA / Meta","50680","507019"
"state_co_909","base.co","SAN JUAN DE ARAMA / Meta","50683","504047"
"state_co_910","base.co","SAN JUANITO / Meta","50686","501057"
"state_co_911","base.co","SAN MARTÍN / Meta","50689","507028"
"state_co_912","base.co","VISTAHERMOSA / Meta","50711","504068"
"state_co_913","base.co","PASTO / Nariño","52001","520004"
"state_co_914","base.co","ALBÁN / Nariño","52019","520557"
"state_co_915","base.co","ALDANA / Nariño","52022","524540"
"state_co_916","base.co","ANCUYÁ / Nariño","52036","526001"
"state_co_917","base.co","ARBOLEDA / Nariño","52051","520577"
"state_co_918","base.co","BARBACOAS / Nariño","52079","528078"
"state_co_919","base.co","BELÉN / Nariño","52083","521080"
"state_co_920","base.co","BUESACO / Nariño","52110","520509"
"state_co_921","base.co","COLÓN / Nariño","52203","521060"
"state_co_922","base.co","CONSACA / Nariño","52207","522547"
"state_co_923","base.co","CONTADERO / Nariño","52210","523087"
"state_co_924","base.co","CÓRDOBA / Nariño","52215","524009"
"state_co_925","base.co","CUASPUD / Nariño","52224","524567"
"state_co_926","base.co","CUMBAL / Nariño","52227","525001"
"state_co_927","base.co","CUMBITARA / Nariño","52233","526560"
"state_co_928","base.co","CHACHAGÜÍ / Nariño","52240","522007"
"state_co_929","base.co","EL CHARCO / Nariño","52250","527529"
"state_co_930","base.co","EL PEÑOL / Nariño","52254","522088"
"state_co_931","base.co","EL ROSARIO / Nariño","52256","527039"
"state_co_932","base.co","EL TABLÓN DE GÓMEZ / Nariño","52258","520530"
"state_co_933","base.co","EL TAMBO / Nariño","52260","522068"
"state_co_934","base.co","FUNES / Nariño","52287","523527"
"state_co_935","base.co","GUACHUCAL / Nariño","52317","524587"
"state_co_936","base.co","GUAITARILLA / Nariño","52320","525501"
"state_co_937","base.co","GUALMATÁN / Nariño","52323","524507"
"state_co_938","base.co","ILES / Nariño","52352","523067"
"state_co_939","base.co","IMUÉS / Nariño","52354","523027"
"state_co_940","base.co","IPIALES / Nariño","52356","524069"
"state_co_941","base.co","LA CRUZ / Nariño","52378","521020"
"state_co_942","base.co","LA FLORIDA / Nariño","52381","522048"
"state_co_943","base.co","LA LLANADA / Nariño","52385","526507"
"state_co_944","base.co","LA TOLA / Nariño","52390","527547"
"state_co_945","base.co","LA UNIÓN / Nariño","52399","521520"
"state_co_946","base.co","LEIVA / Nariño","52405","527060"
"state_co_947","base.co","LINARES / Nariño","52411","522501"
"state_co_948","base.co","LOS ANDES / Nariño","52418","526520"
"state_co_949","base.co","MAGÜI / Nariño","52427","528008"
"state_co_950","base.co","MALLAMA / Nariño","52435","525068"
"state_co_951","base.co","MOSQUERA / Nariño","52473","527580"
"state_co_952","base.co","NARIÑO / Nariño","52480","522027"
"state_co_953","base.co","OLAYA HERRERA / Nariño","52490","527567"
"state_co_954","base.co","OSPINA / Nariño","52506","523040"
"state_co_955","base.co","FRANCISCO PIZARRO / Nariño","52520","528560"
"state_co_956","base.co","POLICARPA / Nariño","52540","527007"
"state_co_957","base.co","POTOSÍ / Nariño","52560","524038"
"state_co_958","base.co","PROVIDENCIA / Nariño","52565","526027"
"state_co_959","base.co","PUERRES / Nariño","52573","523540"
"state_co_960","base.co","PUPIALES / Nariño","52585","524527"
"state_co_961","base.co","RICAURTE / Nariño","52612","525038"
"state_co_962","base.co","ROBERTO PAYÁN / Nariño","52621","528039"
"state_co_963","base.co","SAMANIEGO / Nariño","52678","526057"
"state_co_964","base.co","SANDONÁ / Nariño","52683","522520"
"state_co_965","base.co","SAN BERNARDO / Nariño","52685","521001"
"state_co_966","base.co","SAN LORENZO / Nariño","52687","521548"
"state_co_967","base.co","SAN PABLO / Nariño","52693","521048"
"state_co_968","base.co","SAN PEDRO DE CARTAGO / Nariño","52694","521501"
"state_co_969","base.co","SANTA BÁRBARA / Nariño","52696","527508"
"state_co_970","base.co","SANTACRUZ / Nariño","52699","525579"
"state_co_971","base.co","SAPUYES / Nariño","52720","525550"
"state_co_972","base.co","TAMINANGO / Nariño","52786","521569"
"state_co_973","base.co","TANGUA / Nariño","52788","523507"
"state_co_974","base.co","TUMACO / Nariño","52835","528538"
"state_co_975","base.co","TÚQUERRES / Nariño","52838","525529"
"state_co_976","base.co","YACUANQUER / Nariño","52885","523007"
"state_co_977","base.co","CÚCUTA / Norte de Santander","54001","540004"
"state_co_978","base.co","ABREGO / Norte de Santander","54003","546077"
"state_co_979","base.co","ARBOLEDAS / Norte de Santander","54051","544557"
"state_co_980","base.co","BOCHALEMA / Norte de Santander","54099","543010"
"state_co_981","base.co","BUCARASICA / Norte de Santander","54109","545557"
"state_co_982","base.co","CÁCOTA / Norte de Santander","54125","544017"
"state_co_983","base.co","CACHIRÁ / Norte de Santander","54128","546038"
"state_co_984","base.co","CHINÁCOTA / Norte de Santander","54172","541070"
"state_co_985","base.co","CHITAGÁ / Norte de Santander","54174","544037"
"state_co_986","base.co","CONVENCIÓN / Norte de Santander","54206","547050"
"state_co_987","base.co","CUCUTILLA / Norte de Santander","54223","544527"
"state_co_988","base.co","DURANIA / Norte de Santander","54239","544517"
"state_co_989","base.co","EL CARMEN / Norte de Santander","54245","547077"
"state_co_990","base.co","EL TARRA / Norte de Santander","54250","548050"
"state_co_991","base.co","EL ZULIA / Norte de Santander","54261","545518"
"state_co_992","base.co","GRAMALOTE / Norte de Santander","54313","545050"
"state_co_993","base.co","HACARÍ / Norte de Santander","54344","546510"
"state_co_994","base.co","HERRÁN / Norte de Santander","54347","542017"
"state_co_995","base.co","LABATECA / Norte de Santander","54377","542050"
"state_co_996","base.co","LA ESPERANZA / Norte de Santander","54385","546058"
"state_co_997","base.co","LA PLAYA / Norte de Santander","54398","546537"
"state_co_998","base.co","LOS PATIOS / Norte de Santander","54405","541017"
"state_co_999","base.co","LOURDES / Norte de Santander","54418","545077"
"state_co_1000","base.co","MUTISCUA / Norte de Santander","54480","544070"
"state_co_1001","base.co","OCAÑA / Norte de Santander","54498","546551"
"state_co_1002","base.co","PAMPLONA / Norte de Santander","54518","543050"
"state_co_1003","base.co","PAMPLONITA / Norte de Santander","54520","543037"
"state_co_1004","base.co","PUERTO SANTANDER / Norte de Santander","54553","548030"
"state_co_1005","base.co","RAGONVALIA / Norte de Santander","54599","541057"
"state_co_1006","base.co","SALAZAR / Norte de Santander","54660","544570"
"state_co_1007","base.co","SAN CALIXTO / Norte de Santander","54670","547018"
"state_co_1008","base.co","SAN CAYETANO / Norte de Santander","54673","545010"
"state_co_1009","base.co","SANTIAGO / Norte de Santander","54680","545037"
"state_co_1010","base.co","SARDINATA / Norte de Santander","54720","545537"
"state_co_1011","base.co","SILOS / Norte de Santander","54743","544058"
"state_co_1012","base.co","TEORAMA / Norte de Santander","54800","547037"
"state_co_1013","base.co","TIBÚ / Norte de Santander","54810","548017"
"state_co_1014","base.co","TOLEDO / Norte de Santander","54820","542037"
"state_co_1015","base.co","VILLA CARO / Norte de Santander","54871","546010"
"state_co_1016","base.co","VILLA DEL ROSARIO / Norte de Santander","54874","541030"
"state_co_1017","base.co","ARMENIA / Quindio","63001","630004"
"state_co_1018","base.co","BUENAVISTA / Quindio","63111","632040"
"state_co_1019","base.co","CALARCA / Quindio","63130","632008"
"state_co_1020","base.co","CIRCASIA / Quindio","63190","631001"
"state_co_1021","base.co","CÓRDOBA / Quindio","63212","632027"
"state_co_1022","base.co","FILANDIA / Quindio","63272","634001"
"state_co_1023","base.co","GÉNOVA / Quindio","63302","632080"
"state_co_1024","base.co","LA TEBAIDA / Quindio","63401","633027"
"state_co_1025","base.co","MONTENEGRO / Quindio","63470","633001"
"state_co_1026","base.co","PIJAO / Quindio","63548","632060"
"state_co_1027","base.co","QUIMBAYA / Quindio","63594","634027"
"state_co_1028","base.co","SALENTO / Quindio","63690","631028"
"state_co_1029","base.co","PEREIRA / Risaralda","66001","660004"
"state_co_1030","base.co","APÍA / Risaralda","66045","663037"
"state_co_1031","base.co","BALBOA / Risaralda","66075","662017"
"state_co_1032","base.co","BELÉN DE UMBRÍA / Risaralda","66088","664047"
"state_co_1033","base.co","DOSQUEBRADAS / Risaralda","66170","661007"
"state_co_1034","base.co","GUÁTICA / Risaralda","66318","664017"
"state_co_1035","base.co","LA CELIA / Risaralda","66383","662030"
"state_co_1036","base.co","LA VIRGINIA / Risaralda","66400","662007"
"state_co_1037","base.co","MARSELLA / Risaralda","66440","661048"
"state_co_1038","base.co","MISTRATÓ / Risaralda","66456","664020"
"state_co_1039","base.co","PUEBLO RICO / Risaralda","66572","663017"
"state_co_1040","base.co","QUINCHÍA / Risaralda","66594","664008"
"state_co_1041","base.co","SANTA ROSA DE CABAL / Risaralda","66682","661027"
"state_co_1042","base.co","SANTUARIO / Risaralda","66687","663007"
"state_co_1043","base.co","BUCARAMANGA / Santander","68001","680001"
"state_co_1044","base.co","AGUADA / Santander","68013","685527"
"state_co_1045","base.co","ALBANIA / Santander","68020","684537"
"state_co_1046","base.co","ARATOCA / Santander","68051","682051"
"state_co_1047","base.co","BARBOSA / Santander","68077","684517"
"state_co_1048","base.co","BARICHARA / Santander","68079","684041"
"state_co_1049","base.co","BARRANCABERMEJA / Santander","68081","687038"
"state_co_1050","base.co","BETULIA / Santander","68092","686508"
"state_co_1051","base.co","BOLÍVAR / Santander","68101","685007"
"state_co_1052","base.co","CABRERA / Santander","68121","683507"
"state_co_1053","base.co","CALIFORNIA / Santander","68132","680517"
"state_co_1054","base.co","CAPITANEJO / Santander","68147","681547"
"state_co_1055","base.co","CARCASÍ / Santander","68152","681521"
"state_co_1056","base.co","CEPITÁ / Santander","68160","682061"
"state_co_1057","base.co","CERRITO / Santander","68162","681501"
"state_co_1058","base.co","CHARALÁ / Santander","68167","682559"
"state_co_1059","base.co","CHARTA / Santander","68169","680551"
"state_co_1060","base.co","CHIMA / Santander","68176","683007"
"state_co_1061","base.co","CHIPATÁ / Santander","68179","685551"
"state_co_1062","base.co","CIMITARRA / Santander","68190","686058"
"state_co_1063","base.co","CONCEPCIÓN / Santander","68207","681518"
"state_co_1064","base.co","CONFINES / Santander","68209","683531"
"state_co_1065","base.co","CONTRATACIÓN / Santander","68211","683077"
"state_co_1066","base.co","COROMORO / Santander","68217","682538"
"state_co_1067","base.co","CURITÍ / Santander","68229","682041"
"state_co_1068","base.co","EL CARMEN DE CHUCURÍ / Santander","68235","686569"
"state_co_1069","base.co","EL GUACAMAYO / Santander","68245","683061"
"state_co_1070","base.co","EL PEÑÓN / Santander","68250","685021"
"state_co_1071","base.co","EL PLAYÓN / Santander","68255","687509"
"state_co_1072","base.co","ENCINO / Santander","68264","682548"
"state_co_1073","base.co","ENCISO / Santander","68266","681561"
"state_co_1074","base.co","FLORIÁN / Santander","68271","684541"
"state_co_1075","base.co","FLORIDABLANCA / Santander","68276","681002"
"state_co_1076","base.co","GALÁN / Santander","68296","684051"
"state_co_1077","base.co","GAMBITA / Santander","68298","683037"
"state_co_1078","base.co","GIRÓN / Santander","68307","687557"
"state_co_1079","base.co","GUACA / Santander","68318","681048"
"state_co_1080","base.co","GUADALUPE / Santander","68320","683057"
"state_co_1081","base.co","GUAPOTÁ / Santander","68322","683017"
"state_co_1082","base.co","GUAVATÁ / Santander","68324","684507"
"state_co_1083","base.co","GÜEPSA / Santander","68327","685541"
"state_co_1084","base.co","HATO / Santander","68344","683571"
"state_co_1085","base.co","JESÚS MARÍA / Santander","68368","684551"
"state_co_1086","base.co","JORDÁN / Santander","68370","684017"
"state_co_1087","base.co","LA BELLEZA / Santander","68377","685061"
"state_co_1088","base.co","LANDÁZURI / Santander","68385","686029"
"state_co_1089","base.co","LA PAZ / Santander","68397","685517"
"state_co_1090","base.co","LEBRÍJA / Santander","68406","687587"
"state_co_1091","base.co","LOS SANTOS / Santander","68418","684007"
"state_co_1092","base.co","MACARAVITA / Santander","68425","681531"
"state_co_1093","base.co","MÁLAGA / Santander","68432","682017"
"state_co_1094","base.co","MATANZA / Santander","68444","680567"
"state_co_1095","base.co","MOGOTES / Santander","68464","682509"
"state_co_1096","base.co","MOLAGAVITA / Santander","68468","682031"
"state_co_1097","base.co","OCAMONTE / Santander","68498","682568"
"state_co_1098","base.co","OIBA / Santander","68500","683019"
"state_co_1099","base.co","ONZAGA / Santander","68502","682527"
"state_co_1100","base.co","PALMAR / Santander","68522","683587"
"state_co_1101","base.co","PALMAS DEL SOCORRO / Santander","68524","683541"
"state_co_1102","base.co","PÁRAMO / Santander","68533","683528"
"state_co_1103","base.co","PIEDECUESTA / Santander","68547","681027"
"state_co_1104","base.co","PINCHOTE / Santander","68549","683517"
"state_co_1105","base.co","PUENTE NACIONAL / Santander","68572","684527"
"state_co_1106","base.co","PUERTO PARRA / Santander","68573","686007"
"state_co_1107","base.co","PUERTO WILCHES / Santander","68575","687061"
"state_co_1108","base.co","RIONEGRO / Santander","68615","687519"
"state_co_1109","base.co","SABANA DE TORRES / Santander","68655","687001"
"state_co_1110","base.co","SAN ANDRÉS / Santander","68669","682001"
"state_co_1111","base.co","SAN BENITO / Santander","68673","685531"
"state_co_1112","base.co","SAN GIL / Santander","68679","684037"
"state_co_1113","base.co","SAN JOAQUÍN / Santander","68682","682517"
"state_co_1114","base.co","SAN JOSÉ DE MIRANDA / Santander","68684","682021"
"state_co_1115","base.co","SAN MIGUEL / Santander","68686","681557"
"state_co_1116","base.co","SAN VICENTE DE CHUCURÍ / Santander","68689","686537"
"state_co_1117","base.co","SANTA BÁRBARA / Santander","68705","681038"
"state_co_1118","base.co","SANTA HELENA DEL OPÓN / Santander","68720","685501"
"state_co_1119","base.co","SIMACOTA / Santander","68745","683568"
"state_co_1120","base.co","SOCORRO / Santander","68755","683557"
"state_co_1121","base.co","SUAITA / Santander","68770","683049"
"state_co_1122","base.co","SUCRE / Santander","68773","685041"
"state_co_1123","base.co","SURATÁ / Santander","68780","680507"
"state_co_1124","base.co","TONA / Santander","68820","680547"
"state_co_1125","base.co","VALLE DE SAN JOSÉ / Santander","68855","682578"
"state_co_1126","base.co","VÉLEZ / Santander","68861","685561"
"state_co_1127","base.co","VETAS / Santander","68867","680527"
"state_co_1128","base.co","VILLANUEVA / Santander","68872","684021"
"state_co_1129","base.co","ZAPATOCA / Santander","68895","684069"
"state_co_1130","base.co","SINCELEJO / Sucre","70001","700001"
"state_co_1131","base.co","BUENAVISTA / Sucre","70110","702037"
"state_co_1132","base.co","CAIMITO / Sucre","70124","704018"
"state_co_1133","base.co","COLOSO / Sucre","70204","707030"
"state_co_1134","base.co","COROZAL / Sucre","70215","705037"
"state_co_1135","base.co","COVEÑAS / Sucre","70221","706057"
"state_co_1136","base.co","CHALÁN / Sucre","70230","701017"
"state_co_1137","base.co","EL ROBLE / Sucre","70233","705050"
"state_co_1138","base.co","GALERAS / Sucre","70235","702057"
"state_co_1139","base.co","GUARANDA / Sucre","70265","703070"
"state_co_1140","base.co","LA UNIÓN / Sucre","70400","704050"
"state_co_1141","base.co","LOS PALMITOS / Sucre","70418","701057"
"state_co_1142","base.co","MAJAGUAL / Sucre","70429","703058"
"state_co_1143","base.co","MORROA / Sucre","70473","701077"
"state_co_1144","base.co","OVEJAS / Sucre","70508","701038"
"state_co_1145","base.co","PALMITO / Sucre","70523","706037"
"state_co_1146","base.co","SAMPUÉS / Sucre","70670","705070"
"state_co_1147","base.co","SAN BENITO ABAD / Sucre","70678","703018"
"state_co_1148","base.co","SAN JUAN DE BETULIA / Sucre","70702","705018"
"state_co_1149","base.co","SAN MARCOS / Sucre","70708","704030"
"state_co_1150","base.co","SAN ONOFRE / Sucre","70713","707010"
"state_co_1151","base.co","SAN PEDRO / Sucre","70717","702018"
"state_co_1152","base.co","SINCÉ / Sucre","70742","702070"
"state_co_1153","base.co","SUCRE / Sucre","70771","703038"
"state_co_1154","base.co","SANTIAGO DE TOLÚ / Sucre","70820","706018"
"state_co_1155","base.co","TOLÚ VIEJO / Sucre","70823","707057"
"state_co_1156","base.co","IBAGUÉ / Tolima","73001","730002"
"state_co_1157","base.co","ALPUJARRA / Tolima","73024","734560"
"state_co_1158","base.co","ALVARADO / Tolima","73026","730520"
"state_co_1159","base.co","AMBALEMA / Tolima","73030","731001"
"state_co_1160","base.co","ANZOÁTEGUI / Tolima","73043","730548"
"state_co_1161","base.co","ARMERO / Tolima","73055","732060"
"state_co_1162","base.co","ATACO / Tolima","73067","735058"
"state_co_1163","base.co","CAJAMARCA / Tolima","73124","732508"
"state_co_1164","base.co","CARMEN DE APICALÁ / Tolima","73148","733597"
"state_co_1165","base.co","CASABIANCA / Tolima","73152","731528"
"state_co_1166","base.co","CHAPARRAL / Tolima","73168","735567"
"state_co_1167","base.co","COELLO / Tolima","73200","733508"
"state_co_1168","base.co","COYAIMA / Tolima","73217","735037"
"state_co_1169","base.co","CUNDAY / Tolima","73226","734040"
"state_co_1170","base.co","DOLORES / Tolima","73236","734540"
"state_co_1171","base.co","ESPINAL / Tolima","73268","733527"
"state_co_1172","base.co","FALAN / Tolima","73270","732001"
"state_co_1173","base.co","FLANDES / Tolima","73275","733517"
"state_co_1174","base.co","FRESNO / Tolima","73283","731568"
"state_co_1175","base.co","GUAMO / Tolima","73319","733558"
"state_co_1176","base.co","HERVEO / Tolima","73347","731540"
"state_co_1177","base.co","HONDA / Tolima","73349","732040"
"state_co_1178","base.co","ICONONZO / Tolima","73352","734020"
"state_co_1179","base.co","LÉRIDA / Tolima","73408","731027"
"state_co_1180","base.co","LÍBANO / Tolima","73411","731040"
"state_co_1181","base.co","MARIQUITA / Tolima","73443","732028"
"state_co_1182","base.co","MELGAR / Tolima","73449","734007"
"state_co_1183","base.co","MURILLO / Tolima","73461","731060"
"state_co_1184","base.co","NATAGAIMA / Tolima","73483","735007"
"state_co_1185","base.co","ORTEGA / Tolima","73504","735507"
"state_co_1186","base.co","PALOCABILDO / Tolima","73520","731580"
"state_co_1187","base.co","PIEDRAS / Tolima","73547","730501"
"state_co_1188","base.co","PLANADAS / Tolima","73555","735070"
"state_co_1189","base.co","PRADO / Tolima","73563","734528"
"state_co_1190","base.co","PURIFICACIÓN / Tolima","73585","734509"
"state_co_1191","base.co","RIOBLANCO / Tolima","73616","735588"
"state_co_1192","base.co","RONCESVALLES / Tolima","73622","735550"
"state_co_1193","base.co","ROVIRA / Tolima","73624","733048"
"state_co_1194","base.co","SALDAÑA / Tolima","73671","733578"
"state_co_1195","base.co","SAN ANTONIO / Tolima","73675","735538"
"state_co_1196","base.co","SAN LUIS / Tolima","73678","733001"
"state_co_1197","base.co","SANTA ISABEL / Tolima","73686","730568"
"state_co_1198","base.co","SUÁREZ / Tolima","73770","733587"
"state_co_1199","base.co","VALLE DE SAN JUAN / Tolima","73854","733020"
"state_co_1200","base.co","VENADILLO / Tolima","73861","730588"
"state_co_1201","base.co","VILLAHERMOSA / Tolima","73870","731501"
"state_co_1202","base.co","VILLARRICA / Tolima","73873","734060"
"state_co_1203","base.co","CALI / Valle del Cauca","76001","760036"
"state_co_1204","base.co","ALCALÁ / Valle del Cauca","76020","762047"
"state_co_1205","base.co","ANDALUCÍA / Valle del Cauca","76036","763010"
"state_co_1206","base.co","ANSERMANUEVO / Valle del Cauca","76041","762017"
"state_co_1207","base.co","ARGELIA / Valle del Cauca","76054","761517"
"state_co_1208","base.co","BOLÍVAR / Valle del Cauca","76100","761008"
"state_co_1209","base.co","BUENAVENTURA / Valle del Cauca","76109","764503"
"state_co_1210","base.co","GUADALAJARA DE BUGA / Valle del Cauca","76111","763049"
"state_co_1211","base.co","BUGALAGRANDE / Valle del Cauca","76113","763001"
"state_co_1212","base.co","CAICEDONIA / Valle del Cauca","76122","762548"
"state_co_1213","base.co","CALIMA / Valle del Cauca","76126","760538"
"state_co_1214","base.co","CANDELARIA / Valle del Cauca","76130","763578"
"state_co_1215","base.co","CARTAGO / Valle del Cauca","76147","762027"
"state_co_1216","base.co","DAGUA / Valle del Cauca","76233","760527"
"state_co_1217","base.co","EL ÁGUILA / Valle del Cauca","76243","762001"
"state_co_1218","base.co","EL CAIRO / Valle del Cauca","76246","761501"
"state_co_1219","base.co","EL CERRITO / Valle del Cauca","76248","763527"
"state_co_1220","base.co","EL DOVIO / Valle del Cauca","76250","761567"
"state_co_1221","base.co","FLORIDA / Valle del Cauca","76275","763567"
"state_co_1222","base.co","GINEBRA / Valle del Cauca","76306","763517"
"state_co_1223","base.co","GUACARÍ / Valle del Cauca","76318","763501"
"state_co_1224","base.co","JAMUNDÍ / Valle del Cauca","76364","764007"
"state_co_1225","base.co","LA CUMBRE / Valle del Cauca","76377","760518"
"state_co_1226","base.co","LA UNIÓN / Valle del Cauca","76400","761540"
"state_co_1227","base.co","LA VICTORIA / Valle del Cauca","76403","762517"
"state_co_1228","base.co","OBANDO / Valle del Cauca","76497","762501"
"state_co_1229","base.co","PALMIRA / Valle del Cauca","76520","763538"
"state_co_1230","base.co","PRADERA / Valle del Cauca","76563","763557"
"state_co_1231","base.co","RESTREPO / Valle del Cauca","76606","760547"
"state_co_1232","base.co","RIOFRÍO / Valle del Cauca","76616","761038"
"state_co_1233","base.co","ROLDANILLO / Valle del Cauca","76622","761558"
"state_co_1234","base.co","SAN PEDRO / Valle del Cauca","76670","763038"
"state_co_1235","base.co","SEVILLA / Valle del Cauca","76736","762530"
"state_co_1236","base.co","TORO / Valle del Cauca","76823","761528"
"state_co_1237","base.co","TRUJILLO / Valle del Cauca","76828","761028"
"state_co_1238","base.co","TULUÁ / Valle del Cauca","76834","763021"
"state_co_1239","base.co","ULLOA / Valle del Cauca","76845","762037"
"state_co_1240","base.co","VERSALLES / Valle del Cauca","76863","761530"
"state_co_1241","base.co","VIJES / Valle del Cauca","76869","760557"
"state_co_1242","base.co","YOTOCO / Valle del Cauca","76890","761047"
"state_co_1243","base.co","YUMBO / Valle del Cauca","76892","760507"
"state_co_1244","base.co","ZARZAL / Valle del Cauca","76895","762520"
"state_co_1245","base.co","ARAUCA / Arauca","81001","810009"
"state_co_1246","base.co","ARAUQUITA / Arauca","81065","816018"
"state_co_1247","base.co","CRAVO NORTE / Arauca","81220","812017"
"state_co_1248","base.co","FORTUL / Arauca","81300","814057"
"state_co_1249","base.co","PUERTO RONDÓN / Arauca","81591","813017"
"state_co_1250","base.co","SARAVENA / Arauca","81736","815017"
"state_co_1251","base.co","TAME / Arauca","81794","814017"
"state_co_1252","base.co","YOPAL / Casanare","85001","850001"
"state_co_1253","base.co","AGUAZUL / Casanare","85010","856017"
"state_co_1254","base.co","CHAMEZA / Casanare","85015","856030"
"state_co_1255","base.co","HATO COROZAL / Casanare","85125","852019"
"state_co_1256","base.co","LA SALINA / Casanare","85136","851010"
"state_co_1257","base.co","MANÍ / Casanare","85139","854017"
"state_co_1258","base.co","MONTERREY / Casanare","85162","855010"
"state_co_1259","base.co","NUNCHÍA / Casanare","85225","851070"
"state_co_1260","base.co","OROCUÉ / Casanare","85230","853059"
"state_co_1261","base.co","PAZ DE ARIPORO / Casanare","85250","852039"
"state_co_1262","base.co","PORE / Casanare","85263","852058"
"state_co_1263","base.co","RECETOR / Casanare","85279","856050"
"state_co_1264","base.co","SABANALARGA / Casanare","85300","855050"
"state_co_1265","base.co","SÁCAMA / Casanare","85315","851030"
"state_co_1266","base.co","SAN LUIS DE PALENQUE / Casanare","85325","853038"
"state_co_1267","base.co","TÁMARA / Casanare","85400","851057"
"state_co_1268","base.co","TAURAMENA / Casanare","85410","854037"
"state_co_1269","base.co","TRINIDAD / Casanare","85430","853017"
"state_co_1270","base.co","VILLANUEVA / Casanare","85440","855030"
"state_co_1271","base.co","MOCOA / Putumayo","86001","860001"
"state_co_1272","base.co","COLÓN / Putumayo","86219","861040"
"state_co_1273","base.co","ORITO / Putumayo","86320","862001"
"state_co_1274","base.co","PUERTO ASÍS / Putumayo","86568","862069"
"state_co_1275","base.co","PUERTO CAICEDO / Putumayo","86569","862080"
"state_co_1276","base.co","PUERTO GUZMÁN / Putumayo","86571","863007"
"state_co_1277","base.co","LEGUÍZAMO / Putumayo","86573","864007"
"state_co_1278","base.co","SIBUNDOY / Putumayo","86749","861027"
"state_co_1279","base.co","SAN FRANCISCO / Putumayo","86755","861007"
"state_co_1280","base.co","SAN MIGUEL / Putumayo","86757","862047"
"state_co_1281","base.co","SANTIAGO / Putumayo","86760","861060"
"state_co_1282","base.co","VALLE DEL GUAMUEZ / Putumayo","86865","862020"
"state_co_1283","base.co","VILLAGARZÓN / Putumayo","86885","861088"
"state_co_1284","base.co","SAN ANDRÉS / Archipiélago de San Andrés - Providencia y Santa Catalina","88001","880007"
"state_co_1285","base.co","PROVIDENCIA / Archipiélago de San Andrés - Providencia y Santa Catalina","88564","880028"
"state_co_1286","base.co","LETICIA / Amazonas","91001","910001"
"state_co_1287","base.co","EL ENCANTO / Amazonas","91263","913017"
"state_co_1288","base.co","LA CHORRERA / Amazonas","91405","914050"
"state_co_1289","base.co","LA PEDRERA / Amazonas","91407","917010"
"state_co_1290","base.co","LA VICTORIA / Amazonas","91430","916017"
"state_co_1291","base.co","MIRITI - PARANÁ / Amazonas","91460","916057"
"state_co_1292","base.co","PUERTO ALEGRÍA / Amazonas","91530","913057"
"state_co_1293","base.co","PUERTO ARICA / Amazonas","91536","912010"
"state_co_1294","base.co","PUERTO NARIÑO / Amazonas","91540","911018"
"state_co_1295","base.co","PUERTO SANTANDER / Amazonas","91669","915010"
"state_co_1296","base.co","TARAPACÁ / Amazonas","91798","911039"
"state_co_1297","base.co","INÍRIDA / Guainía","94001","940001"
"state_co_1298","base.co","BARRANCO MINAS / Guainía","94343","944018"
"state_co_1299","base.co","MAPIRIPANA / Guainía","94663","944058"
"state_co_1300","base.co","SAN FELIPE / Guainía","94883","942010"
"state_co_1301","base.co","PUERTO COLOMBIA / Guainía","94884","941038"
"state_co_1302","base.co","LA GUADALUPE / Guainía","94885","942057"
"state_co_1303","base.co","CACAHUAL / Guainía","94886","941017"
"state_co_1304","base.co","PANA PANA / Guainía","94887","943018"
"state_co_1305","base.co","MORICHAL / Guainía","94888","943067"
"state_co_1306","base.co","SAN JOSÉ DEL GUAVIARE / Guaviare","95001","950001"
"state_co_1307","base.co","CALAMAR / Guaviare","95015","953007"
"state_co_1308","base.co","EL RETORNO / Guaviare","95025","951008"
"state_co_1309","base.co","MIRAFLORES / Guaviare","95200","952001"
"state_co_1310","base.co","MITÚ / Vaupés","97001","970009"
"state_co_1311","base.co","CARURU / Vaupés","97161","973008"
"state_co_1312","base.co","PACOA / Vaupés","97511","972007"
"state_co_1313","base.co","TARAIRA / Vaupés","97666","972047"
"state_co_1314","base.co","PAPUNAUA / Vaupés","97777","973048"
"state_co_1315","base.co","YAVARATÉ / Vaupés","97889","971007"
"state_co_1316","base.co","PUERTO CARREÑO / Vichada","99001","990001"
"state_co_1317","base.co","LA PRIMAVERA / Vichada","99524","992009"
"state_co_1318","base.co","SANTA ROSALÍA / Vichada","99624","995007"
"state_co_1319","base.co","CUMARIBO / Vichada","99773","991057"
